{"cameraMode":{"drawMode":0,"name":"Shaded","section":"Shading Mode"},"sceneLighting":true,"audioPlay":false,"sceneViewState":{"m_AlwaysRefresh":false,"showFog":true,"showSkybox":false,"showFlares":true,"showImageEffects":true,"showParticleSystems":true,"showVisualEffectGraphs":true,"m_FxEnabled":true},"in2DMode":false,"pivot":{"x":-11.269750595092774,"y":-6.591868877410889,"z":14.722451210021973},"rotation":{"x":0.22814132273197175,"y":-0.22964166104793549,"z":0.055468205362558368,"w":0.9445331692695618},"size":12.12435531616211,"orthographic":false}